corporation,sector,newsroom_url
AT&T,Communications Services,https://about.att.com/story/
AbbVie,Healthcare,https://news.abbvie.com/
Albertsons,Consumer Staples,https://www.albertsonscompanies.com/newsroom/press-releases/news-details/
AllState,Financials,https://www.allstatecorporation.com/newsroom.aspx
Amazon,Consumer Discretionary,https://press.aboutamazon.com/press-release-archive
American Express,Financials,https://about.americanexpress.com/newsroom/
Apple,Information Technology,https://www.apple.com/newsroom/
BNSF,Industrials,https://www.bnsf.com/news-media/index.page
Bank of America,Financials,https://newsroom.bankofamerica.com/content/newsroom/press-releases.html
Berkshire Hathaway,Financials,https://www.berkshirehathaway.com/news/2025news.html
Boeing,Industrials,https://boeing.mediaroom.com/
Bounce,Consumer Discretionary,https://us.pg.com/newsroom/
Bounty,Consumer Discretionary,https://us.pg.com/newsroom/
Broadcom,Information Technology,https://www.broadcom.com/company/news
CVS,Consumer Staples,https://www.cvshealth.com/news/
Capital One,Financials,https://www.capitalone.com/about/newsroom/
Cardinal Health,Healthcare,https://newsroom.cardinalhealth.com/
Caterpillar,Industrials,https://www.caterpillar.com/en/news/caterpillarNews.html
Cencora,Healthcare,https://www.cencora.com/newsroom
Centene,Healthcare,https://www.centene.com/news.html
Charter Communications/Spectrum,Communications Services,https://corporate.charter.com/newsroom
Chevron,Energy,https://www.chevron.com/newsroom?utm_source=GGL&utm_medium=cpc&utm_campaign=Chevron_National_Brand_News_Exact&gad_source=1&gbraid=0AAAAADlXohr2D2Tnrdw-HfG42Cp63q5lr&gclid=CjwKCAjwnK60BhA9EiwAmpHZwxGBs7xr6Cc9xNk3oLf5fFwbFURCqfj34VLQv7o3WacQ_33SCQhddBoCPwoQAvD_BwE&gclsrc=aw.ds
Cigna/Express Scripts,Healthcare,https://newsroom.cigna.com/latest-press-releases
Cisco,Information Technology,https://newsroom.cisco.com/c/r/newsroom/en/us/press-room/press-releases.html
Coca-Cola,Consumer Staples,https://www.coca-colacompany.com/news
Comcast,Communications Services,https://corporate.comcast.com/press
ConocoPhillips,Energy,https://www.conocophillips.com/news-media/
Costco,Consumer Staples,https://investor.costco.com/news/default.aspx
Crest,Consumer Staples,https://www.haleon.com/news/press-releases
Dell,Information Technology,https://www.dell.com/en-us/dt/corporate/newsroom.htm
Downy,Consumer Staples,https://downy.com/en-us/news
Elevance Health,Healthcare,https://www.elevancehealth.com/newsroom
Eli Lilly,Healthcare,https://www.lilly.com/news/press-releases
Energy Transfer,Energy,https://www.energytransfer.com/newsroom/
Enterprise Products Partners,Energy,https://ir.enterpriseproducts.com/press-releases
Fannie Mae,Financials,https://www.fanniemae.com/newsroom
Febreze,Consumer Staples,https://us.pg.com/newsroom/
FedEx,Industrials,https://newsroom.fedex.com/
First Republic Bank,Financials,https://www.jpmorganchase.com/newsroom
Freddie Mac,Financials,https://www.freddiemac.com/media-room
Gain,Consumer Staples,https://www.loreal.com/en/mediaroom/
Geico,Financials,https://www.geico.com/about/pressreleases/
General Dynamics,Industrials,https://www.gd.com/news
General Motors,Consumer Discretionary,https://news.gm.com/newsroom.html
Gillette,Consumer Discretionary,https://us.pg.com/newsroom/
Goldman Sachs,Financials,https://www.goldmansachs.com/media-relations/press-releases-and-comments/current/
Google,Communications Services,https://www.googlecloudpresscorner.com/
HCA Healthcare,Healthcare,https://investor.hcahealthcare.com/news/default.aspx
Home Depot,Consumer Discretionary,https://corporate.homedepot.com/page/newsroom
Humana,Healthcare,https://news.humana.com/press-room/press-releases
IBM,Information Technology,https://newsroom.ibm.com/
ImmunoGen,Healthcare,https://news.abbvie.com/?utm_medium=cpc&utm_campaign=ppp_2025&utm_source=google&utm_content=igp&utm_term=news&cid=ppc_CV10a9beddc8ce4454a3a2d463a0e9d5a2&gclsrc=aw.ds&gad_source=1&gad_campaignid=19901728071&gbraid=0AAAAAChQZNzWxNBwAgwxy6IgwVQLKuaox&gclid=Cj0KCQjwzt_FBhCEARIsAJGFWVnBdSK7HFdV6Q2qLtKzK_ummmB7EfhNVgqZwxrk453TaKf9PsGrCLYaAkLOEALw_wcB
Ingram Micro,Information Technology,https://ir.ingrammicro.com/press-releases
Intel,Information Technology,https://www.intel.com/content/www/us/en/newsroom/news-stories.html
JPMorgan Chase,Financials,https://www.jpmorganchase.com/ir/news
Jazwares,Consumer Discretionary,https://jazwares.ca/newsroom
Johnson & Johnson/Janssen,Healthcare,https://www.jnj.com/media-center/press-releases
Kroger,Consumer Staples,https://ir.kroger.com/News/
Lockheed Martin,Industrials,https://news.lockheedmartin.com/news-releases
Lowe's,Consumer Discretionary,https://corporate.lowes.com/newsroom/press-releases
Marathon Petroleum,Energy,https://www.marathonpetroleum.com/Newsroom/Company-News/
McKesson,Healthcare,https://www.mckesson.com/about-mckesson/newsroom/press-releases/
Merck,Healthcare,https://www.merck.com/media/news/
MetLife,Financials,https://www.metlife.com/about-us/newsroom/
Microsoft,Information Technology,https://news.microsoft.com/category/press-releases/
Morgan Stanley,Financials,https://www.morganstanley.com/im/en-us/institutional-investor/about-us/newsroom.html
NBC Universal,Communications Services,https://www.nbcuniversal.com/newsroom
Nationwide Insurance,Financials,https://news.nationwide.com/
New York Life,Financials,https://www.newyorklife.com/newsroom/press-resources/press-releases
Nike,Consumer Discretionary,https://about.nike.com/en/newsroom
Nvidia,Information Technology,https://nvidianews.nvidia.com/
Olay,Consumer Discretionary,https://us.pg.com/newsroom/
Old Spice,Consumer Discretionary,https://news.pg.com/news-releases/news-details/2023/Old-Spice-Delivers-Smelf-Confidence-Under-the-Spotlight-with-New-Musical-Inspired-Campaign/default.aspx
Oracle,Information Technology,https://www.oracle.com/news/
Pampers,Consumer Staples,https://us.pg.com/newsroom/
Pantene,Consumer Discretionary,https://us.pg.com/newsroom/
Pepsi,Consumer Staples,https://www.pepsico.com/our-stories/press-releases
Pfizer,Healthcare,https://www.pfizer.com/newsroom
Phillips 66,Energy,https://www.phillips66.com/newsroom/
Pilot Flying J,Energy,https://newsroom.pilotcompany.com/
Procter & Gamble,Consumer Staples,https://news.pg.com/news-releases/default.aspx
Prudential Financial,Financials,https://news.prudential.com/overview/default.aspx
Publix,Consumer Staples,https://corporate.publix.com/newsroom/category/press-releases
RTX,Industrials,https://www.rtx.com/news
Raytheon,Industrials,https://www.rtx.com/news
Red Hat,Information Technology,https://www.redhat.com/en/about/newsroom
Sam's Club,Consumer Staples,https://corporate.walmart.com/news.tag=corporate:samsclub
Secret,Consumer Discretionary,https://us.pg.com/newsroom/
Shopbop,Consumer Discretionary,https://www.aboutamazon.com/news
Sysco,Consumer Staples,https://www.sysco.com/latest-at-sysco
TD Synnex,Information Technology,https://ir.synnex.com/news/synnex-press-releases/default.aspx
TIAA,Financials,https://www.tiaa.org/public/about-tiaa/news-press
Tampax,Consumer Staples,https://us.pg.com/newsroom/
Target,Consumer Discretionary,https://corporate.target.com/press
Tesla,Consumer Discretionary,https://www.tesla.com/blog
Tide,Consumer Discretionary,https://us.pg.com/newsroom/
Tyson Foods,Consumer Staples,https://www.tysonfoods.com/news/news-releases
UPS,Industrials,https://about.ups.com/us/en/newsroom.html
USAA,Financials,https://newsroom.usaa360.com/news/
UnitedHealth Group,Healthcare,https://www.unitedhealthgroup.com/newsroom.html
Valero Energy,Energy,https://www.valero.com/about/news-room
Vick's,Consumer Discretionary,https://us.pg.com/newsroom/
Walmart,Consumer Discretionary,https://corporate.walmart.com/content/corporate/en_us/news.html
Wells Fargo,Financials,https://newsroom.wf.com/English/home/default.aspx
Whole Foods,Consumer Staples,https://media.wholefoodsmarket.com/news/
Xbox,Consumer Discretionary,https://news.xbox.com/en-us/?xr=footnav
Youtube,Communications Services,https://blog.youtube/news-and-events/
