title,description,url,rank,query,summary,publish_date,keywords,article_text,scraper_used,sentiment
A Secure Network is a Secure Business,"By integrating security into the network and adapting to new threats, businesses can build resilience and confidence in a changing landscape.",https://about.att.com/blogs/2026/cybersecurity.html,1,site:https://about.att.com/ before:2026-02-26 after:2026-02-01,,2017-01-01,,"Reference #18.9aed2017.1772127794.1fc45b3f
https://errors.edgesuite.net/18.9aed2017.1772127794.1fc45b3f",trafilatura,positive
Public Sector | Powered by AT&T,"AT&T is working with the public sector to transform the business of government by bringing together solutions that help protect, serve and connect.",https://about.att.com/pages/public-sector,2,site:https://about.att.com/ before:2026-02-26 after:2026-02-01,,2017-01-01,,"Reference #18.a0ed2017.1772127794.24eb0ffd
https://errors.edgesuite.net/18.a0ed2017.1772127794.24eb0ffd",trafilatura,positive
AT&T Celebrates the Arrival of Samsung Galaxy S26 Series,"Pre-order the new Samsung Galaxy S26 series on att.com, myAT&T app, and in-stores on Feb. 25, with general availability starting March 11.",https://about.att.com/story/2026/samsung-galaxy-s26.html,3,site:https://about.att.com/ before:2026-02-26 after:2026-02-01,,2017-01-01,,"Reference #18.8ded2017.1772127794.140cc097
https://errors.edgesuite.net/18.8ded2017.1772127794.140cc097",trafilatura,neutral
AT&T Powers the Future of Fan Connection at NBA All-Star ...,"AT&T teams up with the NBA, top teams, & players to bring fans closer to the game through innovative technology and unforgettable experiences.",https://about.att.com/story/2026/nba-all-star.html,4,site:https://about.att.com/ before:2026-02-26 after:2026-02-01,,2017-01-01,,"Reference #18.8aed2017.1772127794.21930c3e
https://errors.edgesuite.net/18.8aed2017.1772127794.21930c3e",trafilatura,positive
AT&T Offers Deep Savings on the New Google Pixel 10a,"AT&T is getting straight to the point on this Google Pixel 10a deal. Beginning today, new and existing customers get the Google Pixel 10a for $3.99/mo. with any ...",https://about.att.com/story/2026/google-pixel-10a.html,5,site:https://about.att.com/ before:2026-02-26 after:2026-02-01,,2017-01-01,,"Reference #18.83ed2017.1772127794.23e05ffb
https://errors.edgesuite.net/18.83ed2017.1772127794.23e05ffb",trafilatura,neutral
Connecting Changes Everything (and it always has),"“Connecting Changes Everything.” At AT&T, that isn't just a line – it's our calling. For 150 years, connecting people has been at the heart of what we do.",https://about.att.com/blogs/2026/connecting-changes-everything.html,6,site:https://about.att.com/ before:2026-02-26 after:2026-02-01,,2017-01-01,,"Reference #18.97ed2017.1772127794.12ec1a3
https://errors.edgesuite.net/18.97ed2017.1772127794.12ec1a3",trafilatura,neutral
"AT&T Recognized for Network Performance, Data Value ...",AT&T has been recognized by ATLANTIC-ACM in its 2025 U.S. Wholesale Service Provider Excellence Awards.,https://about.att.com/story/2026/atlantic-acm-recognition.html,7,site:https://about.att.com/ before:2026-02-26 after:2026-02-01,,2017-01-01,,"Reference #18.9aed2017.1772127794.1fc45c40
https://errors.edgesuite.net/18.9aed2017.1772127794.1fc45c40",trafilatura,positive
Big Game. Big Moments. Big Connectivity with AT&T.,"Fans counted on AT&T to upload highlights, post reactions, and message friends throughout the Big Game.",https://about.att.com/story/2026/big-game-data.html,8,site:https://about.att.com/ before:2026-02-26 after:2026-02-01,,2017-01-01,,"Reference #18.a3ed2017.1772127794.16738fcd
https://errors.edgesuite.net/18.a3ed2017.1772127794.16738fcd",trafilatura,positive
AT&T to Webcast Fireside Chats with CFO and COO,Tune in to upcoming fireside chats with Pascal Desroches and Jeff McElfresh that will be webcast live and available for replay.,https://about.att.com/story/2026/upcoming-investor-conferences.html,9,site:https://about.att.com/ before:2026-02-26 after:2026-02-01,,2026-02-17,,"Key Takeaways:
- AT&T to webcast fireside chats with Pascal Desroches at the Barclays Communications and Content Symposium on Feb. 24 and at the Deutsche Bank Media, Internet & Telecom Conference on March 9.
- AT&T to webcast fireside chat with Jeff McElfresh at the Morgan Stanley Tech, Media & Telecom Conference on March 3.
- AT&T reiterates all 2026 and multi-year financial and operational guidance and capital returns plans shared during its fourth quarter 2025 earnings call.
AT&T (NYSE:T) will webcast a series of fireside chats with Pascal Desroches, chief financial officer, AT&T, and Jeff McElfresh, chief operating officer, AT&T.
Upcoming investor conference schedule
- Pascal Desroches will speak at the Barclays Communications and Content Symposium on Tuesday, Feb. 24, 2026. The conversation is scheduled to begin at 8:35 a.m. ET.
- Jeff McElfresh will speak at the Morgan Stanley Tech, Media & Telecom Conference on Tuesday, March 3, 2026. The conversation is scheduled to begin at 10:00 a.m. ET.
- Pascal Desroches will speak at the Deutsche Bank Media, Internet & Telecom Conference on Monday, March 9, 2026. The conversation is scheduled to begin at 8:00 a.m. ET.
Full conference details will be posted on the AT&T Investor Relations website once available. You will be able to tune into the webcasts live or via replay at investors.att.com. If joining live, it is recommended that you start the webcast a few minutes early in case of conference schedule changes.
AT&T reiterates all 2026 and multi-year financial and operational guidance and capital returns plans shared during its fourth quarter 2025 earnings call.
To automatically receive AT&T financial news by email, please subscribe to email alerts.
Read more Investor Relations news",trafilatura,neutral
AT&T to Release First-Quarter 2026 Earnings on April 22,"AT&T (NYSE:T) will release its first-quarter 2026 results before the New York Stock Exchange opens on Wednesday, April 22, 2026. The company's earnings release ...",https://about.att.com/story/2026/1q-earnings-reminder.html,10,site:https://about.att.com/ before:2026-02-26 after:2026-02-01,,2017-01-01,,"Reference #18.99ed2017.1772127794.65ec067
https://errors.edgesuite.net/18.99ed2017.1772127794.65ec067",trafilatura,neutral
Start with the Customer. Period.,AT&T Points Plus cardmembers can now enjoy a $10 per line monthly discount on their AT&T wireless bill and a $10 monthly discount on their eligible AT&T ...Read more,https://about.att.com/blogs/2026/att-points-plus-card.html,1,site:https://about.att.com/ before:2026-02-26 after:2026-02-01,,2017-01-01,,"Reference #18.a5ed2017.1772127799.14d7f6a4
https://errors.edgesuite.net/18.a5ed2017.1772127799.14d7f6a4",trafilatura,positive
AT&T Becomes the First and Only Carrier to Launch a Kid's ...,"Introducing the AT&T amiGO™ Jr. Phone, a simple smartphone solution to help keep parents connected and kids protected.",https://about.att.com/story/2026/att-amigo-jr-phone.html,2,site:https://about.att.com/ before:2026-02-26 after:2026-02-01,,2017-01-01,,"Reference #18.83ed2017.1772127799.23e06d1d
https://errors.edgesuite.net/18.83ed2017.1772127799.23e06d1d",trafilatura,positive
Love is Heating Up Deep in the Heart of Texas,"Houston, Texas is the destination of love – with 1.5 million more texts on Valentine's Day than any other city, back-to-back in 2024 and 2025. Heated Rivalry – ...Read more",https://about.att.com/story/2026/att-valentines-day-data.html,3,site:https://about.att.com/ before:2026-02-26 after:2026-02-01,,2017-01-01,,"Reference #18.89ed2017.1772127799.2f5dfe59
https://errors.edgesuite.net/18.89ed2017.1772127799.2f5dfe59",trafilatura,positive
AT&T Completes Acquisition of Lumen's Mass Markets ...,"AT&T has purchased substantially all of Lumen's Mass Markets fiber business, bringing millions more Americans the simple, seamless and trusted experience they ...Read more",https://about.att.com/story/2026/att-lumen-deal-close.html,4,site:https://about.att.com/ before:2026-02-26 after:2026-02-01,,2017-01-01,,"Reference #18.90ed2017.1772127799.1860ec68
https://errors.edgesuite.net/18.90ed2017.1772127799.1860ec68",trafilatura,positive
AT&T Named America's Best and Fastest Internet,AT&T Fiber wins Ookla®'s first-ever “Best Home Internet” in the U.S. award. AT&T Fiber also has the fastest speeds in the U.S. for the fourth consecutive time.Read more,https://about.att.com/story/2026/best-and-fastest-home-internet.html,5,site:https://about.att.com/ before:2026-02-26 after:2026-02-01,,2017-01-01,,"Reference #18.92ed2017.1772127799.249a788c
https://errors.edgesuite.net/18.92ed2017.1772127799.249a788c",trafilatura,positive
AT&T Brings Winning Wireless Experience to Bay Area for ...,Major enhancements help ensure fans stay connected throughout the stadium and in surrounding areas.,https://about.att.com/story/2026/connectivity-at-the-big-game.html,6,site:https://about.att.com/ before:2026-02-26 after:2026-02-01,,2017-01-01,,"Reference #18.89ed2017.1772127799.2f5dfe5b
https://errors.edgesuite.net/18.89ed2017.1772127799.2f5dfe5b",trafilatura,positive
Hurricane Hilary,"We are waiving the following charges for residential and small business wireline orders placed from August 19, 2023 through August 20, 2024.Read more",https://about.att.com/pages/disaster-recovery/2023/storm-hilary,7,site:https://about.att.com/ before:2026-02-26 after:2026-02-01,,2017-01-01,,"Reference #18.a3ed2017.1772127799.1673a1a0
https://errors.edgesuite.net/18.a3ed2017.1772127799.1673a1a0",trafilatura,negative
