title,description,url,rank,query,summary,publish_date,keywords,article_text,scraper_used
Signs of Strength,Everyday Legends · Signs of Strength · Walmart associates Antonia and Harold traveled to Tokyo last November to compete in the Deaflympics. In a recent ...Read more,https://corporate.walmart.com/news/2026/02/25/signs-of-strength,1,site:https://corporate.walmart.com/news/ before:2026-02-26 after:2026-02-01,"Antonia Phillips and Harold Ramirez Jr. stock shelves at a steady pace and communicate quickly and practically with their teammates.
But there’s a depth to their focus — and an underlying strength — that hints at a level of athleticism and discipline that few ever achieve.
Last November, the two traveled to Tokyo, where they found themselves in the glow of stadium lights alongside elite athletes from near and far.
It was the Deaflympics — and their moment to show the world just what it is to own your power.
Phillips, an overnight stocker from Godfrey, Illinois, represented the U.S. in Women’s Freestyle Wrestling.",2026-02-25 00:00:00,"wrestling, ramirez, phillips, womens, underlying, world, workday, signs, tokyo, strength, theres, traveled","Their workday doesn’t give much away. Antonia Phillips and Harold Ramirez Jr. stock shelves at a steady pace and communicate quickly and practically with their teammates. But there’s a depth to their focus — and an underlying strength — that hints at a level of athleticism and discipline that few ever achieve.

Last November, the two traveled to Tokyo, where they found themselves in the glow of stadium lights alongside elite athletes from near and far. It was the Deaflympics — and their moment to show the world just what it is to own your power. Phillips, an overnight stocker from Godfrey, Illinois, represented the U.S. in Women’s Freestyle Wrestling. Ramirez, a homeline team lead from Greenwood, Indiana, competed in Men’s Greco-Roman Wrestling.",newspaper3k
Just Tri It: The Walmart International Triathlon Returns ...,"Since 2012, the Walmart International Triathlon has been an Associates Week staple — convening athletes from all over the world under a simple set of rules.Read more",https://corporate.walmart.com/news/2026/02/11/walmart-international-triathlon,2,site:https://corporate.walmart.com/news/ before:2026-02-26 after:2026-02-01,"Go the other way.’ If you’re torn, choose the bold path and jump in,” Gwen said.
If you are a Walmart associate who wants to get involved, keep an eye out.
We encourage teams to sign up regardless of skill level and know the event is for anyone and everyone.
James Kirby, an associate in International Real Estate and a pivotal part of triathlon planning alongside Tomoko, said it well: “No one really cares if you’re fast or you’re slow.
You can run the 5K solo if you so choose, but individuals may not sign up for all three events.",2026-02-11 00:00:00,"international, tri, come, walmart, sign, teams, run, way, really, race, 2026, swim, triathlon, youre, returns, team","“I know it’s an early morning, but the energy is palpable and reward immeasurable. Mr. Sam reminded us to ‘Swim upstream. Go the other way.’ If you’re torn, choose the bold path and jump in,” Gwen said.

Are you sufficiently moved? If you are a Walmart associate who wants to get involved, keep an eye out. Official signup info and dates are coming soon. Still on the fence? Here are some FAQs for the uninitiated:

Is this really a race? Like, do I actually have to race it?

As is the case with all great events, you don’t have to feel pressured to perform any one way. We encourage teams to sign up regardless of skill level and know the event is for anyone and everyone.

James Kirby, an associate in International Real Estate and a pivotal part of triathlon planning alongside Tomoko, said it well: “No one really cares if you’re fast or you’re slow. People just want to come out and be part of something. And did I mention, you get a t-shirt?!”

How do the teams work?

Teams consist of three people: one swimmer, one cyclist and one runner. You get to come up with a fun team name.

What are the distances?

Swim 750 yards, bike 20 kilometers, run five kilometers.

How can I get involved if I don't want to swim, ride or run?

Walmart associates can volunteer! But members of the public can also simply come hang out and cheer people on. The 5K course winds right through the middle of the Home Office campus, and the cycling route sticks close to town. If you want to get a feel for the event, just come hang and cheer!

Can I participate solo?

You can run the 5K solo if you so choose, but individuals may not sign up for all three events.

So, should I gather a team and sign up?

Yes.",newspaper3k
Walmart Releases Q4 FY26 Earnings,"Walmart International delivered solid top-line results, led by strength in China, Walmex and Flipkart. Contributions from business mix and timing of seasonal ...Read more",https://corporate.walmart.com/news/2026/02/19/walmart-releases-q4-fy26-earnings,3,site:https://corporate.walmart.com/news/ before:2026-02-26 after:2026-02-01,"Sam's Club U.S.
Membership grew in Q4 FY26, reaching record highs during the quarter.
Digital solutions, both inside the club with Scan & Go along with Curbside Pickup and delivery, continued to resonate with members.
Adoption of Scan & Go and club-fulfilled delivery both grew in the quarter.",2026-02-19 00:00:00,"earnings, q4, resonate, walmart, delivery, scan, club, sams, solutions, record, grew, releases, usmembership, quarter, fy26","Sam's Club U.S.

Membership grew in Q4 FY26, reaching record highs during the quarter. Digital solutions, both inside the club with Scan & Go along with Curbside Pickup and delivery, continued to resonate with members. Adoption of Scan & Go and club-fulfilled delivery both grew in the quarter.",newspaper3k
FY2026 Q4 Earnings Release,The quarterly earnings materials will be available at approximately 6 a.m. CT on the date of release.,https://corporate.walmart.com/news/events/fy2026-q4-earnings-release,4,site:https://corporate.walmart.com/news/ before:2026-02-26 after:2026-02-01,,2025-05-01,,"View the quarterly earning release and materials.
Powered by generative AI. Results may not fully be accurate. Use is governed by the Generative AI Guidelines and other applicable Walmart policies.
View the quarterly earning release and materials.
We received a GPC signal or a request to opt-out of selling/sharing your personal information (including for targeted advertising); this notification is to indicate that your opt-out request is being honored. You can find out more about your consumer privacy rights in our Privacy Notice.",trafilatura
2026 TD Cowen 3rd Annual Glowing Ahead Summit,2026 TD Cowen 3rd Annual Glowing Ahead Summit: Beauty's Evolution & Longevity as Luxury.Read more,https://corporate.walmart.com/news/events/2026-td-cowen-3rd-annual-glowing-ahead-summit,5,site:https://corporate.walmart.com/news/ before:2026-02-26 after:2026-02-01,"Leslie Leonard, SVP Merchandising – Beauty & Personal Care, and Vinima Shekhar, VP Merchandising - Beauty, will participate in a fireside chat at 10:45am ET.
A transcript will be available here after the event.",2026-02-24 19:40:01,"cowen, beautys, personal, merchandising, glowing, ahead, td, evolution, vinima, beauty, leslie, luxury, vp, annual, transcript, shekhar, participate, summit, svp, longevity","Leslie Leonard, SVP Merchandising – Beauty & Personal Care, and Vinima Shekhar, VP Merchandising - Beauty, will participate in a fireside chat at 10:45am ET.



A transcript will be available here after the event.",newspaper3k
"In Calexico, a Retail Culture Built to Last","Under store manager Oscar's leadership, nearly 200 associates have stayed at the Calexico store for over 20 years. Loyalty thrives where people come first.Read more",https://corporate.walmart.com/news/2026/02/03/in-calexico-a-retail-culture-built-to-last.html,6,site:https://corporate.walmart.com/news/ before:2026-02-26 after:2026-02-01,"Oscar RomeroIn the Fall of 1992, 18-year-old Oscar Romero was standing in Walmart’s Christmas tree lot, covered in sweet, sticky tree sap, quietly questioning where his life was headed – and how he was going to get the sap out of his hair.
Little did he know, that moment would lead him to where he is today: inspiring his team of over 500 associates to find purpose, community and lifelong careers.
Integrity, kinship and harmony are just a few words that describe the sun-soaked border town of Calexico, California, where Oscar turned a small-town Walmart store into a national retail benchmark.
It’s the type of place where neighbors know each other by name, and recipes are passed down like heirlooms.
And Oscar Romero, a loving husband, father to three sweet girls and servant leader who still greets local residents and Walmart associates by name, leads with people-centered values that have shaped the loyal culture behind one of Walmart’s top-performing Supercenters.",2026-02-03 00:00:00,"romero, life, built, sap, retail, walmart, walmarts, sweet, know, tree, calexico, culture, associates, oscar","Oscar Romero



In the Fall of 1992, 18-year-old Oscar Romero was standing in Walmart’s Christmas tree lot, covered in sweet, sticky tree sap, quietly questioning where his life was headed – and how he was going to get the sap out of his hair. Little did he know, that moment would lead him to where he is today: inspiring his team of over 500 associates to find purpose, community and lifelong careers.

Integrity, kinship and harmony are just a few words that describe the sun-soaked border town of Calexico, California, where Oscar turned a small-town Walmart store into a national retail benchmark. It’s the type of place where neighbors know each other by name, and recipes are passed down like heirlooms. Life here isn’t rushed. It’s savored.

And Oscar Romero, a loving husband, father to three sweet girls and servant leader who still greets local residents and Walmart associates by name, leads with people-centered values that have shaped the loyal culture behind one of Walmart’s top-performing Supercenters.",newspaper3k
Walmart and The Walmart Foundation Announce $1 Million ...,Walmart and the Walmart Foundation are supporting communities impacted by destructive winter storms in early 2026 by investing $1 million in total relief ...,https://corporate.walmart.com/news/2026/02/11/one-million-dollar-commitment-to-winter-storm-relief,7,site:https://corporate.walmart.com/news/ before:2026-02-26 after:2026-02-01,"BENTONVILLE, Ark., Feb. 11, 2026 — Walmart and the Walmart Foundation are actively supporting communities across the Southeast following winter storms that caused damage and power outages across the region.
Together, they have invested more than $1 million in grants, product donations and e-gift cards to support relief efforts in affected areas.
A Comprehensive ResponseThis combined $1 million investment has provided critical support to more than 30 city governments and local organizations.
: Awarded by the Walmart Foundation to the American Red Cross and The Salvation Army to support emergency shelter, warm meals and critical resources.
Our Ongoing CommitmentWalmart and the Walmart Foundation have a long history of supporting communities in the wake of natural disasters.",2026-02-11 00:00:00,"foundation, remain, winter, relief, walmart, million, product, emergency, announce, meals, total, local, resources, investment, support, storm","BENTONVILLE, Ark., Feb. 11, 2026 — Walmart and the Walmart Foundation are actively supporting communities across the Southeast following winter storms that caused damage and power outages across the region. Together, they have invested more than $1 million in grants, product donations and e-gift cards to support relief efforts in affected areas.

A Comprehensive Response

This combined $1 million investment has provided critical support to more than 30 city governments and local organizations. To date, the company and foundation’s response have included:

$500,000 in Grant Funding : Awarded by the Walmart Foundation to the American Red Cross and The Salvation Army to support emergency shelter, warm meals and critical resources.

: Awarded by the Walmart Foundation to the American Red Cross and The Salvation Army to support emergency shelter, warm meals and critical resources. Essential Product & Gift Card Support : E-gift cards and the delivery of 20 truckloads of water, food and emergency supplies helped local warming centers and shelters remain stocked.

: E-gift cards and the delivery of 20 truckloads of water, food and emergency supplies helped local warming centers and shelters remain stocked. Targeted Regional Investment: Three regional investments were made to the Ouachita Council on Aging in Louisiana, The Community Foundation of Northwest Mississippi, and the United Way of Greater Nashville to ensure assistance reaches the areas hit hardest by the storms.

Direct Community Impact

Beyond financial and product support, Walmart collaborated with organizations such as Matthew 25: Ministries, Procter & Gamble, Operation BBQ and Tyson to provide on-the-ground relief during the height of the crisis. These activations in Mississippi and Nashville provided more than 32,000 meals, 200 showers and 2,400 loads of laundry for residents facing power outages and displaced housing. More than 5,200 people used our wifi and charging resources.

“At the heart of every disaster are people looking for warmth and hope. We are humbled to support the Southeast’s recovery and remain inspired by the resilience of the neighbors and partners working together to rebuild their hometowns. We know how crucial it is to receive support quickly in a crisis. By partnering with trusted nonprofits, we ensured that essential resources stayed directly in the community to fuel both immediate relief and long-term recovery,” said Julie Gehrki, President, Walmart Foundation.

Our Ongoing Commitment

Walmart and the Walmart Foundation have a long history of supporting communities in the wake of natural disasters. By leveraging its stores, logistics network and dedicated associates, the company remains a committed partner to the communities our associates and customers call home, working hard to ensure that neighbors have the resources necessary to recover and rebuild in the weeks and months ahead.",newspaper3k
"Chocolate Made in America, Just in Time for Valentine's Day","From heart-shaped boxes to classroom valentines, chocolate is the one gift that shows up everywhere on February 14. That makes Valentine's Day one of the most ...Read more",https://corporate.walmart.com/news/2026/02/10/chocolate-made-in-america-just-in-time-for-valentines-day,8,site:https://corporate.walmart.com/news/ before:2026-02-26 after:2026-02-01,"Every Valentine’s Day, chocolate becomes the most important item in the aisle.
In fact, more than nine in ten Americans say they’d be happy to receive chocolate on Valentine’s Day.
From heart-shaped boxes to classroom valentines, chocolate is the one gift that shows up everywhere on February 14.
That makes Valentine’s Day one of the most significant moments of the year for the chocolate category, and one of the most demanding.
Why U.S. Manufacturing Matters at Valentine’s DayMeeting the surge in Valentine’s Day demand requires manufacturing that is responsive, reliable, and close to customers.",2026-02-10 00:00:00,"valentines, america, seasonal, walmart, day, manufacturing, chocolate, shoppers, makes, moments, scale","Every Valentine’s Day, chocolate becomes the most important item in the aisle.

Candy, especially chocolate, is the most popular Valentine’s gift, chosen by more shoppers than flowers, cards, or jewelry. In fact, more than nine in ten Americans say they’d be happy to receive chocolate on Valentine’s Day. From heart-shaped boxes to classroom valentines, chocolate is the one gift that shows up everywhere on February 14.

That makes Valentine’s Day one of the most significant moments of the year for the chocolate category, and one of the most demanding.

A High-Impact Retail Moment, Compressed Into Weeks

Valentine’s Day consistently ranks alongside Halloween and Easter as one of the largest chocolate-selling holidays of the year. In the U.S. alone, consumers are expected to purchase roughly 58 million pounds of chocolate in the week leading up to February 14, driving billions of dollars in seasonal sales.

What makes Valentine’s Day unique is not just the volume, it’s the timing.

A significant share of Valentine’s candy purchases happen in the final week before the holiday, with many shoppers buying chocolate in the last few days. That creates a narrow selling window where availability, speed, and scale matter as much as consumer demand.

Why U.S. Manufacturing Matters at Valentine’s Day

Meeting the surge in Valentine’s Day demand requires manufacturing that is responsive, reliable, and close to customers. That’s why Walmart continues to invest in U.S. manufacturing through both its product assortment and long-standing collaboration with domestic suppliers, especially in highly seasonal categories like chocolate.

Today, more than 2/3rds of Walmart U.S. annual product spend is on items are made, grown, or assembled in the United States, supported by the company’s $350 billion commitment to U.S. manufacturing over a 10-year period. That investment shows up in real ways during peak moments like Valentine’s Day, when timing, availability and scale matter most.

This season, many of the chocolates filling heart-shaped boxes and seasonal aisles are made in U.S. manufacturing facilities across the country, including Valentine’s favorites from brands such as Hershey’s, Elmer Chocolate, Russell Stover, Turtles, and Ghirardelli. Producing closer to home helps Walmart respond quickly to sharp increases in demand, reduce long lead times, and keep shelves stocked during one of the most time-sensitive retail moments of the year.

Increasingly, this proximity matters to shoppers as well. As interest grows in where products are made and how quickly retailers can meet demand, U.S.-made chocolate is becoming part of a broader consumer shift toward accessibility. Walmart’s continued investment in U.S. manufacturing helps bridge that expectation, connecting everyday Valentine’s moments with domestic production at scale.

Why Chocolate Is Easy to Love

Chocolate plays a unique role on Valentine’s Day because it fits how people actually celebrate the holiday. It’s easy to share, accessible, and flexible enough to work for partners, families, friends, classrooms, and coworkers alike.

For Walmart, that makes chocolate especially important during Valentine’s Day. Customers expect it to be available in the right formats, at the right time, and in stores across the country. Walmart’s focus on U.S. manufacturing helps support that expectation, connecting everyday Valentine’s moments with production closer to home.

Chocolate reflects what Valentine’s Day has become: widespread, personal, and rooted in simple gestures. And when it’s made in the U.S. and available at scale, it supports both customers and the communities behind the products they love.",newspaper3k
Introducing Scintilla In-Store: The Future of Third-Party ...,"Scintilla In-Store unifies essential tools, real-time data, actionable metrics, and supplier-assigned tasks in a single app.",https://corporate.walmart.com/news/2026/02/23/introducing-scintilla-in-store-the-future-of-third-party-retail-execution-at-walmart,9,site:https://corporate.walmart.com/news/ before:2026-02-26 after:2026-02-01,"BENTONVILLE, Ark., Feb. 23, 2026 — Today, Walmart Data Ventures is introducing Scintilla In-Store, a transformative platform for supplier field representatives that connects data to action at the store level.
As the newest addition to the Scintilla portfolio, Scintilla In-Store unifies essential tools, real-time data, actionable metrics, and supplier-assigned tasks in a single app.
While Scintilla and Scintilla In-Store are separate platforms, they share a unified goal: developing innovative, data-driven tools and insights solutions that benefit everyone in the retail ecosystem.
Formerly known as Volt, Scintilla In-Store builds on the innovation of Volt Systems, acquired by Walmart in 2022.
With this information at their fingertips, field representatives can resolve issues in real time, helping to keep shelves stocked and customers satisfied.",2026-02-23 00:00:00,"representatives, retail, introducing, data, walmart, future, execution, platform, walmarts, volt, field, scintilla, instore, store, thirdparty","BENTONVILLE, Ark., Feb. 23, 2026 — Today, Walmart Data Ventures is introducing Scintilla In-Store, a transformative platform for supplier field representatives that connects data to action at the store level. As the newest addition to the Scintilla portfolio, Scintilla In-Store unifies essential tools, real-time data, actionable metrics, and supplier-assigned tasks in a single app. By integrating these capabilities, the platform helps reduce out-of-stocks, streamline execution, and deliver a seamless omni-shopping experience.



Building on the vision of Scintilla, Walmart’s first-party insights platform that transforms granular data into actionable intelligence for suppliers and merchants, Scintilla In-Store now brings this ecosystem into Walmart’s stores - connecting data to execution where it matters most. While Scintilla and Scintilla In-Store are separate platforms, they share a unified goal: developing innovative, data-driven tools and insights solutions that benefit everyone in the retail ecosystem.



Formerly known as Volt, Scintilla In-Store builds on the innovation of Volt Systems, acquired by Walmart in 2022. The reimagined platform gives field representatives enhanced, on-demand visibility across the store. For example, by leveraging the same item and modular information used by store associates, field representatives can quickly identify which items may be running low and need replenishment. They can also help ensure that items shifted on the shelf during busy shopping periods are accurately reflected in Walmart’s inventory systems – addressing common challenges in dynamic store environments. With this information at their fingertips, field representatives can resolve issues in real time, helping to keep shelves stocked and customers satisfied.

",newspaper3k
Walmart Raises Annual Dividend to $0.99 per Share ...,The Board of Directors of Walmart Inc. (Nasdaq: WMT) approved an annual cash dividend for fiscal year 2027 of $0.99 per share.,https://corporate.walmart.com/news/2026/02/19/walmart-raises-annual-dividend-to-0-99-per-share-marking-53rd-consecutive-year-of-dividend-increases,10,site:https://corporate.walmart.com/news/ before:2026-02-26 after:2026-02-01,"BENTONVILLE, Ark., Feb. 19, 2026 — The Board of Directors of Walmart Inc. (Nasdaq: WMT) approved an annual cash dividend for fiscal year 2027 of $0.99 per share.
This represents a 5 percent increase from the $0.94 per share paid for the last fiscal year.
The fiscal year 2027 annual dividend of $0.99 per share will be paid in four quarterly installments of $0.2475 per share, according to the following record and payable dates:Record Dates Payable Dates March 20, 2026 April 6, 2026 May 8, 2026 May 26, 2026 Aug. 21, 2026 Sept. 8, 2026 Dec. 11, 2026 Jan. 4, 2027“Dividends continue to be a part of our diversified capital returns approach.
We're proud to be increasing our annual dividend for the 53rd consecutive year.
This decision is a proof point of our continued confidence in our business performance and forward momentum,” said John David Rainey, executive vice president and chief financial officer at Walmart Inc.",2026-02-19 00:00:00,"raises, 53rd, fiscal, walmart, annual, 2027, 2026, 099, dividend, payable, dates, marking, paid, increases, consecutive, share","BENTONVILLE, Ark., Feb. 19, 2026 — The Board of Directors of Walmart Inc. (Nasdaq: WMT) approved an annual cash dividend for fiscal year 2027 of $0.99 per share. This represents a 5 percent increase from the $0.94 per share paid for the last fiscal year. The fiscal year 2027 annual dividend of $0.99 per share will be paid in four quarterly installments of $0.2475 per share, according to the following record and payable dates:

Record Dates Payable Dates March 20, 2026 April 6, 2026 May 8, 2026 May 26, 2026 Aug. 21, 2026 Sept. 8, 2026 Dec. 11, 2026 Jan. 4, 2027

“Dividends continue to be a part of our diversified capital returns approach. We're proud to be increasing our annual dividend for the 53rd consecutive year. This decision is a proof point of our continued confidence in our business performance and forward momentum,” said John David Rainey, executive vice president and chief financial officer at Walmart Inc.",newspaper3k
"Alexa+ can match your mood: Brief, chill or sweet","Three distinct styles—Brief, Chill, Sweet—adapt Alexa's tone without changing her capabilities. Easily switch between styles anytime to fit your mood.Read more",https://www.aboutamazon.com/news/devices/alexa-plus-personality-styles,1,site:https://www.aboutamazon.com/news before:2026-02-26 after:2026-02-01,"Alexa’s personality is one of the things customers tell us they love most about Alexa.
That familiar voice and personality have become a part of so many customers’ daily lives, but here's what we've learned from customers since launchingAlexa+: Everyone has their own communication style and preferences, and a truly personal assistant should adapt to match it.",2026-02-25 13:55:04.042000+00:00,"voice, weve, style, personal, things, tell, customers, facebook, preferences, truly, personality","Alexa

’s personality is one of the things customers tell us they love most about Alexa. That familiar voice and personality have become a part of so many customers’ daily lives, but here's what we've learned from customers since launching

Alexa+

: Everyone has their own communication style and preferences, and a truly personal assistant should adapt to match it.",newspaper3k
How to watch every 'Scream' movie on Prime Video,"From the original 1996 film that launched a cultural phenomenon to the latest installment, Prime members can watch the complete series that blends horror, humor ...Read more",https://www.aboutamazon.com/news/entertainment/scream-movies-watch-prime-video,2,site:https://www.aboutamazon.com/news before:2026-02-26 after:2026-02-01,"The films are known for their self-aware humor and commentary on horror film conventions, often featuring characters who are horror movie fans themselves.
The franchise launched in 1996 with director Wes Craven's original film and has become one of the most successful horror series of all time.",2026-02-03 17:06:42.408000+00:00,"original, known, selfaware, successful, video, watch, scream, film, series, wes, prime, launched, horror, movie","The films are known for their self-aware humor and commentary on horror film conventions, often featuring characters who are horror movie fans themselves. The franchise launched in 1996 with director Wes Craven's original film and has become one of the most successful horror series of all time.

",newspaper3k
Amazon's newest UK delivery station aims to be the first to ...,Amazon's new delivery station in the UK incorporates several key sustainability features including locally sourced and lower-carbon building materials.Read more,https://www.aboutamazon.com/news/sustainability/net-zero-delivery-station-uk,3,site:https://www.aboutamazon.com/news before:2026-02-26 after:2026-02-01,"The new 10,800-square-meter facility, where packages will besorted for deliveryto customers’ doorsteps throughout North Yorkshire and parts of County Durham, will be the first building in our global network to register forLiving Future’s Zero Carbon Certification (v1.1), meaning it is constructed to rigorous sustainability standards.",2026-02-16 23:50:18.036000+00:00,"parts, register, sustainability, facebook, rigorous, yorkshire, zero, packages, standards, north, v11","The new 10,800-square-meter facility, where packages will be

sorted for delivery

to customers’ doorsteps throughout North Yorkshire and parts of County Durham, will be the first building in our global network to register for

Living Future

’s Zero Carbon Certification (v1.1), meaning it is constructed to rigorous sustainability standards.",newspaper3k
"'Deadloch' Season 2: Trailer, release date, cast, and more",The critically acclaimed Australian crime comedy returns to Prime Video on March 20.,https://www.aboutamazon.com/news/entertainment/deadloch-season-two-prime-video,4,site:https://www.aboutamazon.com/news before:2026-02-26 after:2026-02-01,"""Season 1 proved that authentic and bold storytelling transcends borders, fast becoming both a critical success and cultural phenomenon not just in Australia, but internationally.
The success of Deadloch is a testament to the creative force of Kate McCartney and Kate McLennan who have again delivered a brilliant, funny, and moving second season, this time taking audiences to the sweltering and utterly unique world of the Top End.""",2026-02-17 17:55:00+00:00,"kate, taking, sweltering, success, world, utterly, facebook, unique, transcends, testament, season","""Season 1 proved that authentic and bold storytelling transcends borders, fast becoming both a critical success and cultural phenomenon not just in Australia, but internationally. The success of Deadloch is a testament to the creative force of Kate McCartney and Kate McLennan who have again delivered a brilliant, funny, and moving second season, this time taking audiences to the sweltering and utterly unique world of the Top End.""",newspaper3k
"AI coding bot didn't take down AWS, Amazon confirms",The brief service interruption they reported on was the result of user error—specifically misconfigured access controls—not AI as the story claims. The ...Read more,https://www.aboutamazon.com/news/aws/aws-service-outage-ai-bot-kiro,5,site:https://www.aboutamazon.com/news before:2026-02-26 after:2026-02-01,"The brief service interruption they reported on was the result of user error—specifically misconfigured access controls—not AI as the story claims.
It did not impact compute, storage, database, AI technologies, or any other of the hundreds of services that we run.
While operational incidents involving misconfigured access controls can occur with any developer tool—AI-powered or not—we think it is important to learn from these experiences.
The Financial Times' claim that a second event impacted AWS is entirely false.
For more than two decades, Amazon has achieved high operational excellence with our Correction of Error (COE) process.",2026-02-20 20:36:57.624000+00:00,"access, operational, ai, safeguards, facebook, impact, times, event, aws, service, misconfigured","We want to address the inaccuracies in the

Financial Times' reporting

yesterday. The brief service interruption they reported on was the result of user error—specifically misconfigured access controls—not AI as the story claims.

The disruption was an extremely limited event last December affecting a single service (AWS Cost Explorer—which helps customers visualize, understand, and manage AWS costs and usage over time) in one of our 39 Geographic Regions around the world. It did not impact compute, storage, database, AI technologies, or any other of the hundreds of services that we run. The issue stemmed from a misconfigured role—the same issue that could occur with any developer tool (AI powered or not) or manual action. We did not receive any customer inquiries regarding the interruption. We implemented numerous safeguards to prevent this from happening again—not because the event had a big impact (it didn't), but because we insist on learning from our operational experience to improve our security and resilience. Additional safeguards include mandatory peer review for production access. While operational incidents involving misconfigured access controls can occur with any developer tool—AI-powered or not—we think it is important to learn from these experiences. The Financial Times' claim that a second event impacted AWS is entirely false.

For more than two decades, Amazon has achieved high operational excellence with our Correction of Error (COE) process. We review these together so that we can learn from any incident (just like this one), irrespective of customer impact, to address issues before their potential impact grows larger.",newspaper3k
'Siren's Kiss': Korean romantic thriller coming to Prime ...,The romantic thriller follows an auctioneer and insurance fraud investigator as they become dangerously entangled in a mystery.Read more,https://www.aboutamazon.com/news/entertainment/sirens-kiss-korean-drama-prime-video,6,site:https://www.aboutamazon.com/news before:2026-02-26 after:2026-02-01,"To expose the truth—or perhaps to test her—Woo-seok proposes they fake a relationship.
As he uncovers her secrets, he realizes he may have stepped into a web he can't escape, and that getting out could cost him everything.",2026-02-20 10:51:44.258000+00:00,"web, proposes, herwooseok, facebook, realizes, truthor, uncovers, test, secrets, relationship, stepped","To expose the truth—or perhaps to test her—Woo-seok proposes they fake a relationship. As he uncovers her secrets, he realizes he may have stepped into a web he can't escape, and that getting out could cost him everything.",newspaper3k
Rufus: Track prices on Amazon.com and 9 new features,"Rufus, Amazon's agentic AI assistant for shopping, has been helping U.S. customers research, shop, and purchase products since launching in February 2024.Read more",https://www.aboutamazon.com/news/retail/how-to-use-amazon-shopping-ai-assistant,7,site:https://www.aboutamazon.com/news before:2026-02-26 after:2026-02-01,"Rufus, Amazon’s agentic AI assistant for shopping, has been helping U.S. customers research, shop, and purchase products sincelaunching in February 2024.
Whether exploring broad topics or highly specific products, customers can utilize Rufus and its suite of features to enhance their shopping experience.
We continue to introduce new features so customers can quickly get personalized recommendations and purchase products on and off Amazon.",2026-02-11 15:00:05.115000+00:00,"topics, features, utilize, purchase, customers, facebook, shopping, products, rufus, suite, specific","Rufus, Amazon’s agentic AI assistant for shopping, has been helping U.S. customers research, shop, and purchase products since

launching in February 2024

. Whether exploring broad topics or highly specific products, customers can utilize Rufus and its suite of features to enhance their shopping experience. We continue to introduce new features so customers can quickly get personalized recommendations and purchase products on and off Amazon.",newspaper3k
Cómo unirte a una prueba gratuita de Amazon Prime,Cualquiera puede unirse a Amazon Prime por $14.99 al mes o $139 al año si pagas anualmente. Los clientes elegibles pueden unirse para una prueba gratuita de ...Read more,https://www.aboutamazon.com/news/retail/amazon-prime-prueba-gratis,8,site:https://www.aboutamazon.com/news before:2026-02-26 after:2026-02-01,,2023-09-12,,"Puntos clave
- Cualquiera puede unirse a Amazon Prime por $14.99 al mes o $139 al año si pagas anualmente.
- Los clientes elegibles pueden unirse para una prueba gratuita de 30 días sin pagar un centavo por adelantado.
- Amazon Prime incluye ahorros, conveniencia y entretenimiento en una sola membresía.
Si te encantan las grandes ofertas, el envío rápido, ver películas y escuchar música, una membresía de Amazon Prime podría ser perfecta para ti.
Desde electrónicos y entretenimiento digital hasta comestibles, Amazon Prime es ahorros, conveniencia y entretenimiento, todo en una sola membresía. ¿Y la mejor parte? Los clientes elegibles pueden unirse a una prueba gratuita de 30 días y experimentar los increíbles beneficios que ofrece Amazon Prime sin pagar un centavo por adelantado.
Amazon Prime tiene como objetivo hacer tu vida más conveniente, simple y divertida, todos los días. Así que si estás listo para probarlo, sigue leyendo las instrucciones sobre cómo comenzar con tu membresía de prueba.
Cómo unirte a una prueba gratuita de membresía Prime
Paso 1: Ve a la página de prueba de Prime
Visita Prime. Los usuarios elegibles verán un botón que dice ""Comienza tu prueba gratis de 30 días.""
Paso 2: Inicia sesión o crea una cuenta
Haz clic en el botón de prueba, luego inicia sesión o crea una cuenta de Amazon. Elige el plan de membresía que se ajuste a tus necesidades: mensual o anual. No se requiere pago durante la prueba.
Paso 3: Agrega un método de pago
Selecciona un método de pago existente o agrega uno nuevo. No se te cobrará a menos que mantengas la membresía de Amazon Prime después de la prueba de 30 días.
Paso 4: Comienza a usar los beneficios de Amazon Prime
Tu prueba gratuita de Amazon Prime incluye todos los beneficios y ventajas menos conocidas de una membresía completa, además de:
- Envío rápido y gratuito
- Prime Video, Amazon Music y Prime Reading
- Ofertas exclusivas y Buy with Prime
- Nuevas funciones como Alexa+
Puedes cancelar en cualquier momento en ""Administrar membresía Amazon Prime"". Cancela antes de que termine la prueba para evitar cargos.
El costo de una membresía Amazon Prime
Cualquier persona puede unirse a Prime por $14.99 al mes o $139 al año, o comenzar una prueba gratuita de 30 días si es elegible.
Además, los adultos jóvenes pueden probar Prime para Adultos Jóvenes con una prueba de $0 por seis meses, y luego pagar una tarifa con descuento de $7.49 al mes o $69 al año por una membresía. Los beneficiarios de asistencia gubernamental calificados y clientes con ingresos verificados pueden obtener Prime Access por $6.99 al mes.
Descargo de responsabilidad: Este artículo fue escrito con la ayuda de Inteligencia Artificial (IA). Fue revisado, verificado y editado por nuestros editores.
Trending news and stories
- 5 beneficios increíbles que hacen que tu membresía Prime valga la pena
- 6 consejos prácticos para ayudarte a mantenerte seguro y evitar estafas de suplantación de identidad
- Amazon presenta Kindle Translate, un servicio de traducción con IA para que los autores autopublicados lleguen a lectores de todo el mundo
- Cómo ver 'Cada Minuto Cuenta', que pronto regresará a Prime Video
- Todo lo que necesitas saber sobre Amazon Haul—una amplia selección de productos de $20 o menos, con la mayoría en menos de $10",trafilatura
Amazon to invest $12 billion in Louisiana for new data ...,"Amazon plans to invest $12 billion in Louisiana for new data center campuses. · The project creates 540 full-time data center jobs and supports 1,710 additional ...Read more",https://www.aboutamazon.com/news/company-news/amazon-data-center-louisiana-new-jobs,9,site:https://www.aboutamazon.com/news before:2026-02-26 after:2026-02-01,"As part of our ongoing commitment to fully funding the infrastructure needed to power our operations, Amazon has worked with the local utility, Southwestern Electric Power Company (SWEPCO), to ensure we pay 100% of the costs associated with our new data center campus in Louisiana.
This includes covering all expenses for new energy infrastructure and upgrades required to serve the data centers, which also strengthens overall grid reliability for all SWEPCO customers.
In addition, Amazon has invested in solar energy projects in Louisiana, bringing up to 200 MW of new carbon-free energy onto the grid, helping to increase overall energy supply and support long-term electricity affordability across the region.",2026-02-23 19:17:20.510000+00:00,"amazon, power, data, energy, grid, facebook, louisiana, infrastructure, overall, worked, swepco","As part of our ongoing commitment to fully funding the infrastructure needed to power our operations, Amazon has worked with the local utility, Southwestern Electric Power Company (SWEPCO), to ensure we pay 100% of the costs associated with our new data center campus in Louisiana. This includes covering all expenses for new energy infrastructure and upgrades required to serve the data centers, which also strengthens overall grid reliability for all SWEPCO customers. In addition, Amazon has invested in solar energy projects in Louisiana, bringing up to 200 MW of new carbon-free energy onto the grid, helping to increase overall energy supply and support long-term electricity affordability across the region.",newspaper3k
Amazon Pharmacy will expand Same-Day Delivery to ...,"Amazon Pharmacy will expand Same-Day prescription delivery to nearly 4,500 U.S. cities and towns by the end of 2026. New states offering Same-Day Delivery ...Read more",https://www.aboutamazon.com/news/retail/amazon-pharmacy-same-day-delivery-medication-expansion,10,site:https://www.aboutamazon.com/news before:2026-02-26 after:2026-02-01,"In Los Angeles, One Medical patients can pick up prescriptions within minutes usingAmazon Pharmacy Kioskslocated at select clinic lobbies—allowing patients to begin treatment immediately after an appointment.
Amazon Pharmacy will continue expanding in-person kiosk access to additional locations in 2026.",2026-02-11 10:47:34.663000+00:00,"amazon, treatment, patients, minutes, 4500, delivery, usingamazon, expand, nearly, 2026, prescriptions, cities, pick, select, pharmacy, medical, sameday, los","In Los Angeles, One Medical patients can pick up prescriptions within minutes using

Amazon Pharmacy Kiosks

located at select clinic lobbies—allowing patients to begin treatment immediately after an appointment. Amazon Pharmacy will continue expanding in-person kiosk access to additional locations in 2026.",newspaper3k
Prime Video's 'Culpables' movie franchise reaches 100 ...,"Prime Video's Culpables movie franchise has reached a major milestone, with over 100 million viewers worldwide watching the Spanish-language trilogy based on ...Read more",https://www.aboutamazon.com/news/entertainment/culpables-international-originals-viewing-figures-prime-video,1,site:https://www.aboutamazon.com/news before:2026-02-26 after:2026-02-01,"Day credited technology innovations for helping enable global audiences to discover international content, adding: ""Technology innovations we’ve made personalizing our service around country of origin and language preference have made it so that audiences everywhere can enjoy movies and television from other places around the world.
Streaming has uniquely enabled this, scaling up through social conversation, personalization, technical advancements, and AI, which allows us to deliver more personalized recommendations and a far greater volume of subtitles and dubs in over 30 languages.”",2026-02-12 16:45:00+00:00,"weve, volume, innovations, viewers, worldwide, movie, television, technology, videos, world, subtitles, 100, technical, reaches, prime, million, audiences, franchise, uniquely, culpables","Day credited technology innovations for helping enable global audiences to discover international content, adding: ""Technology innovations we’ve made personalizing our service around country of origin and language preference have made it so that audiences everywhere can enjoy movies and television from other places around the world. Streaming has uniquely enabled this, scaling up through social conversation, personalization, technical advancements, and AI, which allows us to deliver more personalized recommendations and a far greater volume of subtitles and dubs in over 30 languages.”

",newspaper3k
Amazon to invest $12 billion in Louisiana for new data ...,"Amazon plans to invest $12 billion in Louisiana for new data center campuses. · The project creates 540 full-time data center jobs and supports 1,710 additional ...Read more",https://www.aboutamazon.com/news/company-news/amazon-data-center-louisiana-new-jobs,2,site:https://www.aboutamazon.com/news before:2026-02-26 after:2026-02-01,"As part of our ongoing commitment to fully funding the infrastructure needed to power our operations, Amazon has worked with the local utility, Southwestern Electric Power Company (SWEPCO), to ensure we pay 100% of the costs associated with our new data center campus in Louisiana.
This includes covering all expenses for new energy infrastructure and upgrades required to serve the data centers, which also strengthens overall grid reliability for all SWEPCO customers.
In addition, Amazon has invested in solar energy projects in Louisiana, bringing up to 200 MW of new carbon-free energy onto the grid, helping to increase overall energy supply and support long-term electricity affordability across the region.",2026-02-23 19:17:20.510000+00:00,"amazon, power, data, energy, grid, facebook, louisiana, infrastructure, overall, worked, swepco","As part of our ongoing commitment to fully funding the infrastructure needed to power our operations, Amazon has worked with the local utility, Southwestern Electric Power Company (SWEPCO), to ensure we pay 100% of the costs associated with our new data center campus in Louisiana. This includes covering all expenses for new energy infrastructure and upgrades required to serve the data centers, which also strengthens overall grid reliability for all SWEPCO customers. In addition, Amazon has invested in solar energy projects in Louisiana, bringing up to 200 MW of new carbon-free energy onto the grid, helping to increase overall energy supply and support long-term electricity affordability across the region.",newspaper3k
Kindle Scribe: 3 new features to try,"The new Kindle Scribe is 40% faster and features AI-powered tools to get more out of your notes. Send notes to Alexa to create to-do lists, calendar events, ...Read more",https://www.aboutamazon.com/news/devices/kindle-scribe-new-features,3,site:https://www.aboutamazon.com/news before:2026-02-26 after:2026-02-01,"Since its debut in 2022, customers around the world have usedKindle Scribeto capture big ideas, start a new journal or routine, and discover their new favorite book.
Now, it's getting even better.",2024-12-04 13:55:07.346000+00:00,"start, favorite, world, getting, journal, facebook, usedkindle, routine, ideas, scribeto, discover","Since its debut in 2022, customers around the world have used

Kindle Scribe

to capture big ideas, start a new journal or routine, and discover their new favorite book. Now, it's getting even better.",newspaper3k
Amazon Pharmacy will expand Same-Day Delivery to ...,"Amazon Pharmacy will expand Same-Day prescription delivery to nearly 4,500 U.S. cities and towns by the end of 2026. New states offering Same-Day Delivery ...Read more",https://www.aboutamazon.com/news/retail/amazon-pharmacy-same-day-delivery-medication-expansion,4,site:https://www.aboutamazon.com/news before:2026-02-26 after:2026-02-01,"In Los Angeles, One Medical patients can pick up prescriptions within minutes usingAmazon Pharmacy Kioskslocated at select clinic lobbies—allowing patients to begin treatment immediately after an appointment.
Amazon Pharmacy will continue expanding in-person kiosk access to additional locations in 2026.",2026-02-11 10:47:34.663000+00:00,"amazon, treatment, patients, minutes, 4500, delivery, usingamazon, expand, nearly, 2026, prescriptions, cities, pick, select, pharmacy, medical, sameday, los","In Los Angeles, One Medical patients can pick up prescriptions within minutes using

Amazon Pharmacy Kiosks

located at select clinic lobbies—allowing patients to begin treatment immediately after an appointment. Amazon Pharmacy will continue expanding in-person kiosk access to additional locations in 2026.",newspaper3k
Amazon among world's leading corporate purchasers of ...,"Amazon is investing in more than 40 gigawatts of carbon-free energy across 700 projects globally, enough to power the equivalent of 12.1 million U.S. homes.",https://www.aboutamazon.com/news/sustainability/amazon-leading-corporate-carbon-free-energy-purchaser,5,site:https://www.aboutamazon.com/news before:2026-02-26 after:2026-02-01,"In today’s world, the products and services we need and enjoy require increasing amounts of power from our grids.
Amazon is a leader in bringing newcarbon-free energyforward to meet this demand while redefining what responsible growth looks like.
Since 2020, Amazon hasset the industry standardas the world's largest corporate purchaser of renewable energy, like wind and solar energy, as recognized by BloombergNEF.
For 2025,BloombergNEF has again recognizedAmazon as one of the world's leading corporate purchasers of carbon-free energy, in addition to building the largest carbon-free energy portfolio of any corporation globally.",2026-02-19 09:29:53.616000+00:00,"carbonfree, amazon, wind, todays, world, worlds, energy, largest, standardas, facebook, corporate","In today’s world, the products and services we need and enjoy require increasing amounts of power from our grids. Amazon is a leader in bringing new

carbon-free energy

forward to meet this demand while redefining what responsible growth looks like. Since 2020, Amazon has

set the industry standard

as the world's largest corporate purchaser of renewable energy, like wind and solar energy, as recognized by BloombergNEF. For 2025,

BloombergNEF has again recognized

Amazon as one of the world's leading corporate purchasers of carbon-free energy, in addition to building the largest carbon-free energy portfolio of any corporation globally.",newspaper3k
Amazon Leo launches first heavy-lift mission of 2026 with ...,"The LE-01 mission deployed 32 satellites into low Earth orbit, bringing the total constellation to 200+ satellites. David Cavaillolès, Arianespace's CEO said ...Read more",https://www.aboutamazon.com/news/amazon-leo/amazon-leo-arianespace-first-mission-satellites,6,site:https://www.aboutamazon.com/news before:2026-02-26 after:2026-02-01,"Named Leo Europe 01 (LE-01) for the first of 18 missions with Arianespace, the mission will deploy 32 satellites into low Earth orbit.
This is also the eighthAmazon Leo missionto date and will bring the total number of satellites in the constellation to 200+ spacecraft, bringing Amazon a step closer to its mission of delivering fast, reliable internet to customers beyond the reach of existing networks.",2026-02-10 16:55:16.295000+00:00,"satellites, step, reliable, facebook, total, reach, orbit, spacecraft, number, mission, leo","Named Leo Europe 01 (LE-01) for the first of 18 missions with Arianespace, the mission will deploy 32 satellites into low Earth orbit. This is also the eighth

Amazon Leo mission

to date and will bring the total number of satellites in the constellation to 200+ spacecraft, bringing Amazon a step closer to its mission of delivering fast, reliable internet to customers beyond the reach of existing networks.",newspaper3k
AWS CEO calls AI inference a new building block ...,"Task-accomplishing agents deliver more than just content generation, and enterprises will see massive returns in 2026, says AWS CEO Matt Garman.",https://www.aboutamazon.com/news/aws/aws-ceo-ai-inference-transforms-developer-capabilities,7,site:https://www.aboutamazon.com/news before:2026-02-26 after:2026-02-01,"AI has already transformed how we create and summarize content, from work emails to movie scripts.
Now,AWS CEO Matt Garmansees AI entering a new phase.
Speaking atAWS re:Invent 2025, he told more than 60,000 attendees that the technology is shifting from answering questions to accomplishing tasks—and that shift represents a far bigger unlock for enterprise value.",2026-02-11 14:00:00+00:00,"tasksand, unlock, ai, technology, summarize, work, facebook, speaking, told, transformed, value","AI has already transformed how we create and summarize content, from work emails to movie scripts. Now,

AWS CEO Matt Garman

sees AI entering a new phase. Speaking at

AWS re:Invent 2025

, he told more than 60,000 attendees that the technology is shifting from answering questions to accomplishing tasks—and that shift represents a far bigger unlock for enterprise value.",newspaper3k
Spanish,An Amazon Rivian van driving next to a wind farm during sunset. Todo lo que necesitas saber sobre las furgonetas de reparto eléctricas Rivian de Amazon.Read more,https://www.aboutamazon.com/news/tag/spanish,8,site:https://www.aboutamazon.com/news before:2026-02-26 after:2026-02-01,,,,,
What Jeff Bezos taught Amazon's Stores CEO,"Amazon's 16 Leadership Principles were created to teach and maintain our culture and ways of operating as the company grew. Though skeptical at first, ...Read more",https://www.aboutamazon.com/news/retail/amazon-culture-learn-and-be-curious-podcast,9,site:https://www.aboutamazon.com/news before:2026-02-26 after:2026-02-01,"“Are we still living up to it?
I think so.
I think so.
As my colleague Russ [Grandinetti] says, ‘There was never a Camelot where we were perfect.
And I try to do that every day.”",2026-02-16 14:00:08.037000+00:00,"perfect, talking, try, teaching, think, principles, live, way, facebook, living, russ","“Are we still living up to it? I think so. I think so. I've been here for 20 years. As my colleague Russ [Grandinetti] says, ‘There was never a Camelot where we were perfect. Our leadership principles were always the behaviors that we aspired to live by when we were at our best.’ But the way that we do that is we keep on communicating them and talking them and teaching them. And I try to do that every day.”",newspaper3k
How to get Alexa Plus free with Prime membership,Alexa+ is now available in the U.S. for $19.99 per month and included at no additional cost to Prime members. · New free tier lets non-Prime members in the U.S. ...Read more,https://www.aboutamazon.com/news/devices/alexa-plus-available-free-prime-members-us,10,site:https://www.aboutamazon.com/news before:2026-02-26 after:2026-02-01,"With an entirely new architecture powered by large language models—from bothAmazon NovaandAnthropic—Alexa+ is significantly more powerful, and customers are using it in completely new and different ways.
They’ve moved from simple, formulaic requests to much deeper, more complex interactions—they’re streaming more music and having deep conversations about discographies, genres, and artists Alexa recommends just for them; they’re settling dinner table debates with a quick question, exploring complex topics, discussing the news of the day, and having deeper ongoing conversations with Alexa (sometimes over days, because Alexa+ can remember context).
They are also interacting with Alexa+ in more places, chatting on the go in the Alexa app, and doing deeper research, planning, and generating content at Alexa.com—overall, customers are interacting with Alexa+ more than twice as much.",2026-02-04 14:00:00.918000+00:00,"conversations, deeper, complex, twice, alexa, interacting, ways, customers, facebook, using, having","With an entirely new architecture powered by large language models—from both

Amazon Nova

and

Anthropic

—Alexa+ is significantly more powerful, and customers are using it in completely new and different ways. They’ve moved from simple, formulaic requests to much deeper, more complex interactions—they’re streaming more music and having deep conversations about discographies, genres, and artists Alexa recommends just for them; they’re settling dinner table debates with a quick question, exploring complex topics, discussing the news of the day, and having deeper ongoing conversations with Alexa (sometimes over days, because Alexa+ can remember context). They are also interacting with Alexa+ in more places, chatting on the go in the Alexa app, and doing deeper research, planning, and generating content at Alexa.com—overall, customers are interacting with Alexa+ more than twice as much.",newspaper3k
